<?xml version="1.0" encoding="UTF-8" standalone="yes" ?><cp:coreProperties xmlns:cp="http://schemas.openxmlformats.org/package/2006/metadata/core-properties" xmlns:dc="http://purl.org/dc/elements/1.1/" xmlns:dcmitype="http://purl.org/dc/dcmitype/" xmlns:dcterms="http://purl.org/dc/terms/" xmlns:xsi="http://www.w3.org/2001/XMLSchema-instance"><cp:category>Model</cp:category><dcterms:created xsi:type="dcterms:W3CDTF">2019-08-14T16:16:09Z</dcterms:created><dc:creator>sverrevr</dc:creator><cp:lastModifiedBy>martiakr</cp:lastModifiedBy><dcterms:modified xsi:type="dcterms:W3CDTF">2020-10-23T07:54:11Z</dcterms:modified><cp:revision>1.7</cp:revision><cp:version>R2015b</cp:version></cp:coreProperties>