<?xml version="1.0" encoding="utf-8"?>
<ModelInformation Version="1.0">
  <Model>
    <P Name="SavedCharacterEncoding">windows-1252</P>
    <P Name="ScopeRefreshTime">0.035000</P>
    <P Name="OverrideScopeRefreshTime">on</P>
    <P Name="DisableAllScopes">off</P>
    <P Name="DataTypeOverride">UseLocalSettings</P>
    <P Name="DataTypeOverrideAppliesTo">AllNumericTypes</P>
    <P Name="MinMaxOverflowLogging">UseLocalSettings</P>
    <P Name="MinMaxOverflowArchiveMode">Overwrite</P>
    <P Name="FPTRunName">Run 1</P>
    <P Name="MaxMDLFileLineLength">120</P>
    <Object PropName="BdWindowsInfo" ObjectID="1" ClassName="Simulink.BDWindowsInfo">
      <Object PropName="WindowsInfo" ObjectID="2" ClassName="Simulink.WindowInfo">
        <P Name="IsActive" Class="logical">1</P>
        <P Name="Location" Class="double">[1912.0, 0.0, 1936.0, 1176.0]</P>
        <Object PropName="ModelBrowserInfo" ObjectID="3" ClassName="Simulink.ModelBrowserInfo">
          <P Name="Visible" Class="logical">0</P>
          <P Name="DockPosition" Class="char">Left</P>
          <P Name="Width" Class="int32">50</P>
          <P Name="Height" Class="int32">50</P>
          <P Name="Filter" Class="int32">9</P>
        </Object>
        <Object PropName="ExplorerBarInfo" ObjectID="4" ClassName="Simulink.ExplorerBarInfo">
          <P Name="Visible" Class="logical">1</P>
        </Object>
        <Object PropName="EditorsInfo" ObjectID="5" ClassName="Simulink.EditorInfo">
          <P Name="IsActive" Class="logical">1</P>
          <P Name="ViewObjType" Class="char">SimulinkTopLevel</P>
          <P Name="LoadSaveID" Class="char">0</P>
          <P Name="Extents" Class="double">[1886.0, 1001.0]</P>
          <P Name="ZoomFactor" Class="double">1.5</P>
          <P Name="Offset" Class="double">[21.108984241178405, 329.99349092154858]</P>
        </Object>
      </Object>
    </Object>
    <ConfigManagerSettings>
      <P Name="UpdateHistory">UpdateHistoryNever</P>
      <P Name="ModifiedByFormat">%&lt;Auto&gt;</P>
      <P Name="ModifiedDateFormat">%&lt;Auto&gt;</P>
      <P Name="RTWModifiedTimeStamp">525347145</P>
      <P Name="ModelVersionFormat">1.%&lt;AutoIncrement:7&gt;</P>
    </ConfigManagerSettings>
    <EditorSettings>
      <P Name="SampleTimeColors">off</P>
      <P Name="SampleTimeAnnotations">off</P>
      <P Name="LibraryLinkDisplay">disabled</P>
      <P Name="WideLines">off</P>
      <P Name="ShowLineDimensions">off</P>
      <P Name="ShowPortDataTypes">off</P>
      <P Name="ShowDesignRanges">off</P>
      <P Name="ShowLoopsOnError">on</P>
      <P Name="IgnoreBidirectionalLines">off</P>
      <P Name="ShowStorageClass">off</P>
      <P Name="ShowTestPointIcons">on</P>
      <P Name="ShowSignalResolutionIcons">on</P>
      <P Name="ShowViewerIcons">on</P>
      <P Name="SortedOrder">off</P>
      <P Name="ExecutionContextIcon">off</P>
      <P Name="ShowLinearizationAnnotations">on</P>
      <P Name="ShowVisualizeInsertedRTB">on</P>
      <P Name="ShowMarkup">on</P>
      <P Name="BlockNameDataTip">off</P>
      <P Name="BlockParametersDataTip">off</P>
      <P Name="BlockDescriptionStringDataTip">off</P>
      <P Name="ToolBar">on</P>
      <P Name="StatusBar">on</P>
      <P Name="BrowserShowLibraryLinks">off</P>
      <P Name="BrowserLookUnderMasks">off</P>
    </EditorSettings>
    <SimulationSettings>
      <P Name="SimulationMode">external</P>
      <P Name="PauseTimes">5</P>
      <P Name="NumberOfSteps">1</P>
      <P Name="SnapshotBufferSize">10</P>
      <P Name="SnapshotInterval">10</P>
      <P Name="NumberOfLastSnapshots">0</P>
      <P Name="LinearizationMsg">none</P>
      <P Name="Profile">off</P>
      <P Name="ParamWorkspaceSource">MATLABWorkspace</P>
      <P Name="AccelSystemTargetFile">accel.tlc</P>
      <P Name="AccelTemplateMakefile">accel_default_tmf</P>
      <P Name="AccelMakeCommand">make_rtw</P>
      <P Name="TryForcingSFcnDF">off</P>
      <Object PropName="DataLoggingOverride" ObjectID="6" ClassName="Simulink.SimulationData.ModelLoggingInfo">
        <P Name="model_" Class="char">IMU</P>
        <P Name="overrideMode_" Class="uint32">0U</P>
        <Array PropName="logAsSpecifiedByModels_" Type="Cell" Dimension="1*1">
          <Cell Class="char">IMU</Cell>
        </Array>
        <Array PropName="logAsSpecifiedByModelsSSIDs_" Type="Cell" Dimension="1*1">
          <Cell Class="double">[]</Cell>
        </Array>
      </Object>
    </SimulationSettings>
    <ExternalMode>
      <P Name="ExtModeBatchMode">off</P>
      <P Name="ExtModeEnableFloating">on</P>
      <P Name="ExtModeTrigType">manual</P>
      <P Name="ExtModeTrigMode">normal</P>
      <P Name="ExtModeTrigPort">1</P>
      <P Name="ExtModeTrigElement">any</P>
      <P Name="ExtModeTrigDuration">5000</P>
      <P Name="ExtModeTrigDurationFloating">auto</P>
      <P Name="ExtModeTrigHoldOff">0</P>
      <P Name="ExtModeTrigDelay">0</P>
      <P Name="ExtModeTrigDirection">rising</P>
      <P Name="ExtModeTrigLevel">0</P>
      <P Name="ExtModeArchiveMode">off</P>
      <P Name="ExtModeAutoIncOneShot">off</P>
      <P Name="ExtModeIncDirWhenArm">off</P>
      <P Name="ExtModeAddSuffixToVar">off</P>
      <P Name="ExtModeWriteAllDataToWs">off</P>
      <P Name="ExtModeArmWhenConnect">on</P>
      <P Name="ExtModeSkipDownloadWhenConnect">off</P>
      <P Name="ExtModeLogAll">on</P>
      <P Name="ExtModeAutoUpdateStatusClock">on</P>
    </ExternalMode>
    <ModelReferenceSettings>
      <P Name="ShowModelReferenceBlockVersion">off</P>
      <P Name="ShowModelReferenceBlockIO">off</P>
    </ModelReferenceSettings>
    <ConcurrentExecutionSettings>
      <Object PropName="DataTransfer" ObjectID="7" ClassName="Simulink.GlobalDataTransfer">
        <P Name="DefaultTransitionBetweenSyncTasks" Class="char">Ensure deterministic transfer (maximum delay)</P>
        <P Name="DefaultTransitionBetweenAsyncTasks" Class="char">Ensure data integrity only</P>
        <P Name="DefaultTransitionBetweenContTasks" Class="char">Ensure deterministic transfer (minimum delay)</P>
        <P Name="DefaultExtrapolationMethodBetweenContTasks" Class="char">None</P>
        <P Name="AutoInsertRateTranBlk" Class="logical">0</P>
      </Object>
      <P Name="ExplicitPartitioning">off</P>
    </ConcurrentExecutionSettings>
    <SystemDefaults>
      <P Name="PaperOrientation">landscape</P>
      <P Name="PaperPositionMode">auto</P>
      <P Name="PaperType">A4</P>
      <P Name="PaperUnits">centimeters</P>
      <P Name="TiledPaperMargins">[1.270000, 1.270000, 1.270000, 1.270000]</P>
      <P Name="TiledPageScale">1</P>
      <P Name="ShowPageBoundaries">off</P>
      <P Name="ModelBrowserVisibility">off</P>
      <P Name="ModelBrowserWidth">200</P>
      <P Name="ScreenColor">white</P>
    </SystemDefaults>
    <BlockDefaults>
      <P Name="ForegroundColor">black</P>
      <P Name="BackgroundColor">white</P>
      <P Name="DropShadow">off</P>
      <P Name="NamePlacement">normal</P>
      <P Name="FontName">Helvetica</P>
      <P Name="FontSize">10</P>
      <P Name="FontWeight">normal</P>
      <P Name="FontAngle">normal</P>
      <P Name="ShowName">on</P>
      <P Name="BlockRotation">0</P>
      <P Name="BlockMirror">off</P>
    </BlockDefaults>
    <AnnotationDefaults>
      <P Name="HorizontalAlignment">center</P>
      <P Name="VerticalAlignment">middle</P>
      <P Name="ForegroundColor">black</P>
      <P Name="BackgroundColor">white</P>
      <P Name="DropShadow">off</P>
      <P Name="FontName">Helvetica</P>
      <P Name="FontSize">10</P>
      <P Name="FontWeight">normal</P>
      <P Name="FontAngle">normal</P>
      <P Name="UseDisplayTextAsClickCallback">off</P>
    </AnnotationDefaults>
    <LineDefaults>
      <P Name="FontName">Helvetica</P>
      <P Name="FontSize">9</P>
      <P Name="FontWeight">normal</P>
      <P Name="FontAngle">normal</P>
    </LineDefaults>
    <MaskDefaults>
      <P Name="SelfModifiable">off</P>
      <P Name="IconFrame">on</P>
      <P Name="IconOpaque">on</P>
      <P Name="RunInitForIconRedraw">off</P>
      <P Name="IconRotate">none</P>
      <P Name="PortRotate">default</P>
      <P Name="IconUnits">autoscale</P>
    </MaskDefaults>
    <MaskParameterDefaults>
      <P Name="Evaluate">on</P>
      <P Name="Tunable">on</P>
      <P Name="NeverSave">off</P>
      <P Name="Internal">off</P>
      <P Name="ReadOnly">off</P>
      <P Name="Enabled">on</P>
      <P Name="Visible">on</P>
      <P Name="ToolTip">on</P>
    </MaskParameterDefaults>
    <BlockParameterDefaults>
      <Block BlockType="Constant">
        <P Name="Value">1</P>
        <P Name="VectorParams1D">on</P>
        <P Name="SamplingMode">Sample based</P>
        <P Name="OutMin">[]</P>
        <P Name="OutMax">[]</P>
        <P Name="OutDataTypeStr">Inherit: Inherit from &apos;Constant value&apos;</P>
        <P Name="LockScale">off</P>
        <P Name="SampleTime">inf</P>
        <P Name="FramePeriod">inf</P>
        <P Name="PreserveConstantTs">off</P>
      </Block>
      <Block BlockType="DataTypeConversion">
        <P Name="OutMin">[]</P>
        <P Name="OutMax">[]</P>
        <P Name="OutDataTypeStr">Inherit: Inherit via back propagation</P>
        <P Name="LockScale">off</P>
        <P Name="ConvertRealWorld">Real World Value (RWV)</P>
        <P Name="RndMeth">Zero</P>
        <P Name="SaturateOnIntegerOverflow">on</P>
        <P Name="SampleTime">-1</P>
      </Block>
      <Block BlockType="Demux">
        <P Name="Outputs">4</P>
        <P Name="DisplayOption">none</P>
        <P Name="BusSelectionMode">off</P>
      </Block>
      <Block BlockType="Gain">
        <P Name="Gain">1</P>
        <P Name="Multiplication">Element-wise(K.*u)</P>
        <P Name="ParamMin">[]</P>
        <P Name="ParamMax">[]</P>
        <P Name="ParamDataTypeStr">Inherit: Same as input</P>
        <P Name="OutMin">[]</P>
        <P Name="OutMax">[]</P>
        <P Name="OutDataTypeStr">Inherit: Same as input</P>
        <P Name="LockScale">off</P>
        <P Name="RndMeth">Floor</P>
        <P Name="SaturateOnIntegerOverflow">on</P>
        <P Name="SampleTime">-1</P>
      </Block>
      <Block BlockType="Inport">
        <P Name="Port">1</P>
        <P Name="OutputFunctionCall">off</P>
        <P Name="OutMin">[]</P>
        <P Name="OutMax">[]</P>
        <P Name="OutDataTypeStr">Inherit: auto</P>
        <P Name="LockScale">off</P>
        <P Name="BusOutputAsStruct">off</P>
        <P Name="PortDimensions">-1</P>
        <P Name="VarSizeSig">Inherit</P>
        <P Name="SampleTime">-1</P>
        <P Name="SignalType">auto</P>
        <P Name="SamplingMode">auto</P>
        <P Name="LatchByDelayingOutsideSignal">off</P>
        <P Name="LatchInputForFeedbackSignals">off</P>
        <P Name="Interpolate">on</P>
      </Block>
      <Block BlockType="Memory">
        <P Name="X0">0</P>
        <P Name="InheritSampleTime">off</P>
        <P Name="LinearizeMemory">off</P>
        <P Name="LinearizeAsDelay">off</P>
        <P Name="StateMustResolveToSignalObject">off</P>
        <P Name="RTWStateStorageClass">Auto</P>
      </Block>
      <Block BlockType="Mux">
        <P Name="Inputs">4</P>
        <P Name="DisplayOption">none</P>
        <P Name="UseBusObject">off</P>
        <P Name="BusObject">BusObject</P>
        <P Name="NonVirtualBus">off</P>
      </Block>
      <Block BlockType="Outport">
        <P Name="Port">1</P>
        <P Name="OutMin">[]</P>
        <P Name="OutMax">[]</P>
        <P Name="OutDataTypeStr">Inherit: auto</P>
        <P Name="LockScale">off</P>
        <P Name="BusOutputAsStruct">off</P>
        <P Name="PortDimensions">-1</P>
        <P Name="VarSizeSig">Inherit</P>
        <P Name="SampleTime">-1</P>
        <P Name="SignalType">auto</P>
        <P Name="SamplingMode">auto</P>
        <P Name="SourceOfInitialOutputValue">Dialog</P>
        <P Name="OutputWhenDisabled">held</P>
        <P Name="InitialOutput">[]</P>
      </Block>
      <Block BlockType="S-Function">
        <P Name="FunctionName">system</P>
        <P Name="SFunctionModules">&apos;&apos;</P>
        <P Name="PortCounts">[]</P>
      </Block>
      <Block BlockType="Scope">
        <P Name="DefaultConfigurationName">Simulink.scopes.TimeScopeBlockCfg</P>
        <P Name="NumInputPorts">1</P>
        <P Name="Floating">off</P>
      </Block>
      <Block BlockType="SubSystem">
        <P Name="ShowPortLabels">FromPortIcon</P>
        <P Name="Permissions">ReadWrite</P>
        <P Name="PermitHierarchicalResolution">All</P>
        <P Name="TreatAsAtomicUnit">off</P>
        <P Name="MinAlgLoopOccurrences">off</P>
        <P Name="PropExecContextOutsideSubsystem">off</P>
        <P Name="CheckFcnCallInpInsideContextMsg">off</P>
        <P Name="SystemSampleTime">-1</P>
        <P Name="RTWSystemCode">Auto</P>
        <P Name="RTWFcnNameOpts">Auto</P>
        <P Name="RTWFileNameOpts">Auto</P>
        <P Name="FunctionInterfaceSpec">void_void</P>
        <P Name="FunctionWithSeparateData">off</P>
        <P Name="RTWMemSecFuncInitTerm">Inherit from model</P>
        <P Name="RTWMemSecFuncExecute">Inherit from model</P>
        <P Name="RTWMemSecDataConstants">Inherit from model</P>
        <P Name="RTWMemSecDataInternal">Inherit from model</P>
        <P Name="RTWMemSecDataParameters">Inherit from model</P>
        <P Name="SimViewingDevice">off</P>
        <P Name="DataTypeOverride">UseLocalSettings</P>
        <P Name="DataTypeOverrideAppliesTo">AllNumericTypes</P>
        <P Name="MinMaxOverflowLogging">UseLocalSettings</P>
        <P Name="Opaque">off</P>
        <P Name="MaskHideContents">off</P>
        <P Name="SFBlockType">NONE</P>
        <P Name="GeneratePreprocessorConditionals">off</P>
        <P Name="ContentPreviewEnabled">off</P>
        <P Name="IsWebBlock">off</P>
      </Block>
      <Block BlockType="Switch">
        <P Name="Criteria">u2 &gt;= Threshold</P>
        <P Name="Threshold">0</P>
        <P Name="InputSameDT">on</P>
        <P Name="OutMin">[]</P>
        <P Name="OutMax">[]</P>
        <P Name="OutDataTypeStr">Inherit: Inherit via internal rule</P>
        <P Name="LockScale">off</P>
        <P Name="RndMeth">Floor</P>
        <P Name="SaturateOnIntegerOverflow">on</P>
        <P Name="ZeroCross">on</P>
        <P Name="SampleTime">-1</P>
        <P Name="AllowDiffInputSizes">off</P>
      </Block>
      <Block BlockType="Terminator">
      </Block>
    </BlockParameterDefaults>
    <System>
      <P Name="Location">[1912, 0, 3848, 1176]</P>
      <P Name="Open">on</P>
      <P Name="TiledPaperMargins">[1.270000, 1.270000, 1.270000, 1.270000]</P>
      <P Name="ZoomFactor">150</P>
      <P Name="ReportName">simulink-default.rpt</P>
      <P Name="SIDHighWatermark">79</P>
      <Block BlockType="Scope" Name="Acc" SID="79">
        <P Name="Ports">[3]</P>
        <P Name="Position">[375, 459, 405, 491]</P>
        <P Name="ZOrder">69</P>
        <P Name="NamePlacement">alternate</P>
        <P Name="ScopeSpecificationString">Simulink.scopes.TimeScopeBlockCfg(&apos;CurrentConfiguration&apos;, extmgr.ConfigurationSet(extmgr.Configuration(&apos;Core&apos;,&apos;General UI&apos;,true),extmgr.Configuration(&apos;Core&apos;,&apos;Source UI&apos;,true),extmgr.Configuration(&apos;Sources&apos;,&apos;WiredSimulink&apos;,true,&apos;DataLoggingVariableName&apos;,&apos;ScopeData2&apos;),extmgr.Configuration(&apos;Visuals&apos;,&apos;Time Domain&apos;,true),extmgr.Configuration(&apos;Tools&apos;,&apos;Plot Navigation&apos;,true),extmgr.Configuration(&apos;Tools&apos;,&apos;Measurements&apos;,true,&apos;Version&apos;,&apos;2015b&apos;)),&apos;Version&apos;,&apos;2015b&apos;,&apos;Position&apos;,[664 331 560 420])</P>
        <P Name="NumInputPorts">3</P>
      </Block>
      <Block BlockType="Demux" Name="Demux1" SID="75">
        <P Name="Ports">[1, 3]</P>
        <P Name="Position">[330, 497, 335, 533]</P>
        <P Name="ZOrder">66</P>
        <P Name="ShowName">off</P>
        <P Name="Outputs">3</P>
        <P Name="DisplayOption">bar</P>
      </Block>
      <Block BlockType="Demux" Name="Demux2" SID="78">
        <P Name="Ports">[1, 3]</P>
        <P Name="Position">[330, 457, 335, 493]</P>
        <P Name="ZOrder">70</P>
        <P Name="ShowName">off</P>
        <P Name="Outputs">3</P>
        <P Name="DisplayOption">bar</P>
      </Block>
      <Block BlockType="Scope" Name="Gyro" SID="74">
        <P Name="Ports">[3]</P>
        <P Name="Position">[375, 499, 405, 531]</P>
        <P Name="ZOrder">65</P>
        <P Name="ScopeSpecificationString">Simulink.scopes.TimeScopeBlockCfg(&apos;CurrentConfiguration&apos;, extmgr.ConfigurationSet(extmgr.Configuration(&apos;Core&apos;,&apos;General UI&apos;,true),extmgr.Configuration(&apos;Core&apos;,&apos;Source UI&apos;,true),extmgr.Configuration(&apos;Sources&apos;,&apos;WiredSimulink&apos;,true,&apos;DataLoggingVariableName&apos;,&apos;ScopeData1&apos;),extmgr.Configuration(&apos;Visuals&apos;,&apos;Time Domain&apos;,true),extmgr.Configuration(&apos;Tools&apos;,&apos;Plot Navigation&apos;,true),extmgr.Configuration(&apos;Tools&apos;,&apos;Measurements&apos;,true,&apos;Version&apos;,&apos;2015b&apos;)),&apos;Version&apos;,&apos;2015b&apos;,&apos;Position&apos;,[664 331 560 420])</P>
        <P Name="NumInputPorts">3</P>
      </Block>
      <Block BlockType="SubSystem" Name="Gyro vector to [pitch rate, elevation rate, travle rate]" SID="38">
        <P Name="Ports">[2, 1]</P>
        <P Name="Position">[565, 641, 770, 774]</P>
        <P Name="ZOrder">40</P>
        <P Name="LibraryVersion">1.32</P>
        <P Name="ErrorFcn">Stateflow.Translate.translate</P>
        <P Name="PermitHierarchicalResolution">ExplicitOnly</P>
        <P Name="TreatAsAtomicUnit">on</P>
        <P Name="RequestExecContextInheritance">off</P>
        <P Name="SFBlockType">MATLAB Function</P>
        <P Name="Variant">off</P>
        <System>
          <P Name="Location">[223, 338, 826, 833]</P>
          <P Name="Open">off</P>
          <P Name="TiledPaperMargins">[1.270000, 1.270000, 1.270000, 1.270000]</P>
          <P Name="ZoomFactor">100</P>
          <P Name="SIDHighWatermark">19</P>
          <Block BlockType="Inport" Name="gyro_vec" SID="38::1">
            <P Name="Position">[20, 101, 40, 119]</P>
            <P Name="ZOrder">-1</P>
            <P Name="IconDisplay">Port number</P>
          </Block>
          <Block BlockType="Inport" Name="euler_angles" SID="38::19">
            <P Name="Position">[20, 136, 40, 154]</P>
            <P Name="ZOrder">10</P>
            <P Name="Port">2</P>
            <P Name="IconDisplay">Port number</P>
          </Block>
          <Block BlockType="Demux" Name=" Demux " SID="38::17">
            <P Name="Ports">[1, 1]</P>
            <P Name="Position">[270, 230, 320, 270]</P>
            <P Name="ZOrder">8</P>
            <P Name="Outputs">1</P>
          </Block>
          <Block BlockType="S-Function" Name=" SFunction " SID="38::16">
            <P Name="Tag">Stateflow S-Function IMU_heli_3_10 2</P>
            <P Name="Ports">[2, 2]</P>
            <P Name="Position">[180, 100, 230, 160]</P>
            <P Name="ZOrder">7</P>
            <P Name="FunctionName">sf_sfun</P>
            <P Name="PortCounts">[2 2]</P>
            <P Name="SFunctionDeploymentMode">off</P>
            <P Name="EnableBusSupport">on</P>
            <Port>
              <P Name="PortNumber">2</P>
              <P Name="Name">euler_rates</P>
              <P Name="RTWStorageClass">Auto</P>
              <P Name="DataLoggingNameMode">SignalName</P>
            </Port>
          </Block>
          <Block BlockType="Terminator" Name=" Terminator " SID="38::18">
            <P Name="Position">[460, 241, 480, 259]</P>
            <P Name="ZOrder">9</P>
          </Block>
          <Block BlockType="Outport" Name="euler_rates" SID="38::5">
            <P Name="Position">[460, 101, 480, 119]</P>
            <P Name="ZOrder">-5</P>
            <P Name="IconDisplay">Port number</P>
          </Block>
          <Line>
            <P Name="ZOrder">1</P>
            <P Name="Src">38::1#out:1</P>
            <P Name="Dst">38::16#in:1</P>
          </Line>
          <Line>
            <P Name="ZOrder">2</P>
            <P Name="Src">38::19#out:1</P>
            <P Name="Dst">38::16#in:2</P>
          </Line>
          <Line>
            <P Name="Name">euler_rates</P>
            <P Name="ZOrder">3</P>
            <P Name="Labels">[0, 0]</P>
            <P Name="Src">38::16#out:2</P>
            <P Name="Dst">38::5#in:1</P>
          </Line>
          <Line>
            <P Name="ZOrder">4</P>
            <P Name="Src">38::17#out:1</P>
            <P Name="Dst">38::18#in:1</P>
          </Line>
          <Line>
            <P Name="ZOrder">5</P>
            <P Name="Src">38::16#out:1</P>
            <P Name="Dst">38::17#in:1</P>
          </Line>
        </System>
      </Block>
      <Block BlockType="SubSystem" Name="IMU" SID="46">
        <P Name="Ports">[0, 5]</P>
        <P Name="Position">[180, 451, 300, 659]</P>
        <P Name="ZOrder">64</P>
        <P Name="RequestExecContextInheritance">off</P>
        <P Name="Variant">off</P>
        <System>
          <P Name="Location">[1912, -6, 3848, 1170]</P>
          <P Name="Open">off</P>
          <P Name="TiledPaperMargins">[1.270000, 1.270000, 1.270000, 1.270000]</P>
          <P Name="ZoomFactor">100</P>
          <Block BlockType="Scope" Name="Connected" SID="47">
            <P Name="Ports">[1]</P>
            <P Name="Position">[305, 364, 335, 396]</P>
            <P Name="ZOrder">58</P>
            <P Name="ScopeSpecificationString">Simulink.scopes.TimeScopeBlockCfg(&apos;CurrentConfiguration&apos;, extmgr.ConfigurationSet(extmgr.Configuration(&apos;Core&apos;,&apos;General UI&apos;,true),extmgr.Configuration(&apos;Core&apos;,&apos;Source UI&apos;,true),extmgr.Configuration(&apos;Sources&apos;,&apos;WiredSimulink&apos;,true,&apos;DataLoggingSaveFormat&apos;,&apos;StructureWithTime&apos;,&apos;DataLoggingLimitDataPoints&apos;,true,&apos;DataLoggingDecimation&apos;,&apos;1&apos;,&apos;DataLoggingDecimateData&apos;,true,&apos;DataLoggingVariableName&apos;,&apos;ScopeData6&apos;),extmgr.Configuration(&apos;Visuals&apos;,&apos;Time Domain&apos;,true,&apos;DisplayPropertyDefaults&apos;,struct(&apos;MinYLimReal&apos;,&apos;-10&apos;,&apos;MaxYLimReal&apos;,&apos;10&apos;,&apos;YLabelReal&apos;,&apos;&apos;,&apos;MinYLimMag&apos;,&apos;0&apos;,&apos;MaxYLimMag&apos;,&apos;10&apos;,&apos;LegendVisibility&apos;,&apos;off&apos;,&apos;XGrid&apos;,true,&apos;YGrid&apos;,true,&apos;PlotMagPhase&apos;,false,&apos;AxesColor&apos;,[0 0 0],&apos;AxesTickColor&apos;,[0.686274509803922 0.686274509803922 0.686274509803922],&apos;ColorOrder&apos;,[1 1 0.0666666666666667;0.0745098039215686 0.623529411764706 1;1 0.411764705882353 0.16078431372549;0.392156862745098 0.831372549019608 0.0745098039215686;0.717647058823529 0.274509803921569 1;0.0588235294117647 1 1;1 0.0745098039215686 0.650980392156863],&apos;Title&apos;,&apos;%&lt;SignalLabel&gt;&apos;,&apos;LinePropertiesCache&apos;,{{}},&apos;UserDefinedChannelNames&apos;,{{}},&apos;NumLines&apos;,0,&apos;LineNames&apos;,{{[]}},&apos;ShowContent&apos;,true,&apos;Placement&apos;,1)),extmgr.Configuration(&apos;Tools&apos;,&apos;Plot Navigation&apos;,true),extmgr.Configuration(&apos;Tools&apos;,&apos;Measurements&apos;,true)),&apos;Version&apos;,&apos;2018b&apos;,&apos;Location&apos;,[9 751 333 990])</P>
          </Block>
          <Block BlockType="Constant" Name="Constant" SID="48">
            <P Name="Position">[50, 350, 80, 380]</P>
            <P Name="ZOrder">108</P>
            <P Name="Value">0</P>
          </Block>
          <Block BlockType="Constant" Name="Constant1" SID="49">
            <P Name="Position">[370, 390, 400, 420]</P>
            <P Name="ZOrder">84</P>
            <P Name="Value">65</P>
          </Block>
          <Block BlockType="SubSystem" Name="Copyright" SID="50">
            <P Name="Ports">[]</P>
            <P Name="Position">[320, 714, 469, 727]</P>
            <P Name="ZOrder">56</P>
            <P Name="ShowName">off</P>
            <P Name="OpenFcn">web(&apos;http://www.quanser.com/&apos;);</P>
            <P Name="Permissions">NoReadOrWrite</P>
            <P Name="PermitHierarchicalResolution">None</P>
            <P Name="RequestExecContextInheritance">off</P>
            <P Name="Variant">off</P>
            <Object PropName="MaskObject" ObjectID="8" ClassName="Simulink.Mask">
              <P Name="Initialization" Class="char">copyright_str = [&apos;Copyright (c) &apos;, datestr(date, &apos;yyyy&apos;), &apos; Quanser Inc.&apos;];</P>
              <P Name="Display" Class="char">text(0, 0, copyright_str, ...
    &apos;horizontalAlignment&apos;, &apos;left&apos;, ...
    &apos;verticalAlignment&apos;, &apos;bottom&apos;);</P>
              <P Name="IconFrame" Class="char">off</P>
            </Object>
            <System>
              <P Name="Location">[403, 291, 920, 561]</P>
              <P Name="Open">off</P>
              <P Name="TiledPaperMargins">[1.270000, 1.270000, 1.270000, 1.270000]</P>
              <P Name="ZoomFactor">100</P>
            </System>
          </Block>
          <Block BlockType="DataTypeConversion" Name="Data Type Conversion" SID="51">
            <P Name="Position">[755, 293, 830, 327]</P>
            <P Name="ZOrder">73</P>
            <P Name="OutDataTypeStr">double</P>
            <P Name="RndMeth">Floor</P>
            <P Name="SaturateOnIntegerOverflow">off</P>
          </Block>
          <Block BlockType="Demux" Name="Demux" SID="52">
            <P Name="Ports">[1, 10]</P>
            <P Name="Position">[1015, 217, 1020, 443]</P>
            <P Name="ZOrder">63</P>
            <P Name="ShowName">off</P>
            <P Name="Outputs">10</P>
            <P Name="DisplayOption">bar</P>
          </Block>
          <Block BlockType="Gain" Name="Gain1" SID="53">
            <P Name="Position">[1085, 232, 1230, 358]</P>
            <P Name="ZOrder">81</P>
            <P Name="Gain">[ 0, 0, 1; 0, 1, 0; -1, 0, 0]</P>
            <P Name="Multiplication">Matrix(K*u) (u vector)</P>
            <P Name="ParamDataTypeStr">Inherit: Inherit via internal rule</P>
            <P Name="OutDataTypeStr">Inherit: Inherit via internal rule</P>
            <P Name="SaturateOnIntegerOverflow">off</P>
          </Block>
          <Block BlockType="Gain" Name="Gain2" SID="54">
            <P Name="Position">[1095, 90, 1245, 220]</P>
            <P Name="ZOrder">101</P>
            <P Name="Gain">[ 0, 0, 1; 0, 1, 0; -1, 0, 0]</P>
            <P Name="Multiplication">Matrix(K*u) (u vector)</P>
            <P Name="ParamDataTypeStr">Inherit: Inherit via internal rule</P>
            <P Name="OutDataTypeStr">Inherit: Inherit via internal rule</P>
            <P Name="SaturateOnIntegerOverflow">off</P>
          </Block>
          <Block BlockType="Memory" Name="Memory" SID="55">
            <P Name="Position">[895, 390, 925, 420]</P>
            <P Name="ZOrder">110</P>
            <P Name="BlockMirror">on</P>
            <P Name="NamePlacement">alternate</P>
            <P Name="X0">[0 0 0 0 0 0 0 0 0 0]</P>
          </Block>
          <Block BlockType="Mux" Name="Mux" SID="56">
            <P Name="Ports">[3, 1]</P>
            <P Name="Position">[1055, 230, 1060, 290]</P>
            <P Name="ZOrder">64</P>
            <P Name="ShowName">off</P>
            <P Name="Inputs">3</P>
            <P Name="DisplayOption">bar</P>
          </Block>
          <Block BlockType="Mux" Name="Mux1" SID="57">
            <P Name="Ports">[3, 1]</P>
            <P Name="Position">[1055, 292, 1060, 348]</P>
            <P Name="ZOrder">65</P>
            <P Name="ShowName">off</P>
            <P Name="Inputs">3</P>
            <P Name="DisplayOption">bar</P>
          </Block>
          <Block BlockType="Mux" Name="Mux2" SID="58">
            <P Name="Ports">[3, 1]</P>
            <P Name="Position">[1055, 352, 1060, 408]</P>
            <P Name="ZOrder">68</P>
            <P Name="ShowName">off</P>
            <P Name="Inputs">3</P>
            <P Name="DisplayOption">bar</P>
          </Block>
          <Block BlockType="Reference" Name="Stop with Call Error" SID="59">
            <P Name="Ports">[1]</P>
            <P Name="Position">[305, 455, 375, 525]</P>
            <P Name="ZOrder">52</P>
            <P Name="LibraryVersion">1.1575</P>
            <P Name="SourceBlock">quarc_library/Sinks/Error Handling/Stop with Error</P>
            <P Name="SourceType">Stop with Error</P>
            <InstanceData>
              <P Name="message_type">Interpret input as error code</P>
              <P Name="message">Error occurred</P>
            </InstanceData>
          </Block>
          <Block BlockType="Reference" Name="Stop with Read Error" SID="60">
            <P Name="Ports">[1]</P>
            <P Name="Position">[685, 455, 755, 525]</P>
            <P Name="ZOrder">51</P>
            <P Name="BlockRotation">270</P>
            <P Name="BlockMirror">on</P>
            <P Name="NamePlacement">alternate</P>
            <P Name="LibraryVersion">1.1575</P>
            <P Name="SourceBlock">quarc_library/Sinks/Error Handling/Stop with Error</P>
            <P Name="SourceType">Stop with Error</P>
            <InstanceData>
              <P Name="message_type">Interpret input as error code</P>
              <P Name="message">Error occurred</P>
            </InstanceData>
          </Block>
          <Block BlockType="Reference" Name="Stream Call1" SID="61">
            <P Name="Ports">[2, 3]</P>
            <P Name="Position">[125, 333, 225, 397]</P>
            <P Name="ZOrder">107</P>
            <P Name="LibraryVersion">1.1575</P>
            <P Name="SourceBlock">quarc_library/Communications/Intermediate/Stream Call</P>
            <P Name="SourceType">Stream Call</P>
            <InstanceData>
              <P Name="uri_source">External input port</P>
              <P Name="uri">serial://IMU:9?baud=115200,word=8,parity=none,stop=1,flow=&apos;none&apos;</P>
              <P Name="apply_uri_to_all_configs">on</P>
              <P Name="send_buffer_size">8000</P>
              <P Name="receive_buffer_size">8000</P>
              <P Name="byte_order">little endian (Intel - LSB first)</P>
              <P Name="sample_time">qc_get_step_size</P>
              <P Name="active">off</P>
            </InstanceData>
          </Block>
          <Block BlockType="Reference" Name="Stream Formatted&#xA;Write" SID="62">
            <P Name="Ports">[2, 5]</P>
            <P Name="Position">[425, 347, 525, 423]</P>
            <P Name="ZOrder">87</P>
            <P Name="LibraryVersion">1.1575</P>
            <P Name="SourceBlock">quarc_library/Communications/Intermediate/Stream Formatted
Write</P>
            <P Name="SourceType">Stream Formatted Write</P>
            <InstanceData>
              <P Name="format_string">%c\n</P>
              <P Name="max_code_units">80</P>
              <P Name="optimization">Minimizing latency</P>
            </InstanceData>
          </Block>
          <Block BlockType="Reference" Name="Stream Read1" SID="63">
            <P Name="Ports">[1, 5]</P>
            <P Name="Position">[600, 323, 700, 387]</P>
            <P Name="ZOrder">49</P>
            <P Name="LibraryVersion">1.1575</P>
            <P Name="SourceBlock">quarc_library/Communications/Intermediate/Stream Read</P>
            <P Name="SourceType">Stream Read</P>
            <InstanceData>
              <P Name="data_type">single</P>
              <P Name="type_expr">BusObject</P>
              <P Name="num_elements">10</P>
              <P Name="receive_dims">off</P>
            </InstanceData>
          </Block>
          <Block BlockType="Reference" Name="String Constant" SID="64">
            <P Name="Ports">[0, 1]</P>
            <P Name="Position">[5, 419, 90, 481]</P>
            <P Name="ZOrder">109</P>
            <P Name="AttributesFormatString">&quot;serial://IMU:%{PORT}?baud=115200,word=8,parity=none,stop=1&quot;</P>
            <P Name="LibraryVersion">1.1575</P>
            <P Name="SourceBlock">quarc_library/Strings/String Constant</P>
            <P Name="SourceType">String Constant</P>
            <InstanceData>
              <P Name="string_value">qc_perform_substitutions(&apos;serial://IMU:%{PORT}?baud=115200,word=8,parity=none,stop=1&apos;)</P>
              <P Name="evaluate_string">on</P>
              <P Name="string_type">URI</P>
              <P Name="max_length">255</P>
              <P Name="sample_time">inf</P>
              <P Name="variable_size">off</P>
            </InstanceData>
          </Block>
          <Block BlockType="Switch" Name="Switch" SID="65">
            <P Name="Position">[890, 305, 940, 345]</P>
            <P Name="ZOrder">102</P>
            <P Name="Criteria">u2 &gt; Threshold</P>
            <P Name="InputSameDT">off</P>
            <P Name="SaturateOnIntegerOverflow">off</P>
          </Block>
          <Block BlockType="Terminator" Name="Terminator" SID="66">
            <P Name="Position">[715, 330, 725, 340]</P>
            <P Name="ZOrder">48</P>
            <P Name="ShowName">off</P>
          </Block>
          <Block BlockType="Terminator" Name="Terminator1" SID="67">
            <P Name="Position">[715, 360, 725, 370]</P>
            <P Name="ZOrder">79</P>
            <P Name="ShowName">off</P>
          </Block>
          <Block BlockType="Outport" Name="accelerometer, m/s^2" SID="68">
            <P Name="Position">[1295, 288, 1325, 302]</P>
            <P Name="ZOrder">-2</P>
            <P Name="IconDisplay">Port number</P>
          </Block>
          <Block BlockType="Outport" Name="gyroscope, rad/s" SID="69">
            <P Name="Position">[1295, 338, 1325, 352]</P>
            <P Name="ZOrder">75</P>
            <P Name="Port">2</P>
            <P Name="IconDisplay">Port number</P>
          </Block>
          <Block BlockType="Outport" Name="magnetometer, uT" SID="70">
            <P Name="Position">[1295, 373, 1325, 387]</P>
            <P Name="ZOrder">76</P>
            <P Name="Port">3</P>
            <P Name="IconDisplay">Port number</P>
          </Block>
          <Block BlockType="Outport" Name="temperature, deg C" SID="71">
            <P Name="Position">[1295, 413, 1325, 427]</P>
            <P Name="ZOrder">77</P>
            <P Name="Port">4</P>
            <P Name="IconDisplay">Port number</P>
          </Block>
          <Block BlockType="Outport" Name="New data, 0/1" SID="72">
            <P Name="Position">[1295, 453, 1325, 467]</P>
            <P Name="ZOrder">78</P>
            <P Name="Port">5</P>
            <P Name="IconDisplay">Port number</P>
          </Block>
          <Line>
            <P Name="ZOrder">1</P>
            <P Name="Src">65#out:1</P>
            <P Name="Points">[11, 0]</P>
            <Branch>
              <P Name="ZOrder">2</P>
              <P Name="Points">[0, 80]</P>
              <P Name="Dst">55#in:1</P>
            </Branch>
            <Branch>
              <P Name="ZOrder">3</P>
              <P Name="Points">[22, 0; 0, 5]</P>
              <P Name="Dst">52#in:1</P>
            </Branch>
          </Line>
          <Line>
            <P Name="ZOrder">4</P>
            <P Name="Src">51#out:1</P>
            <P Name="Dst">65#in:1</P>
          </Line>
          <Line>
            <P Name="ZOrder">5</P>
            <P Name="Src">63#out:3</P>
            <P Name="Points">[63, 0]</P>
            <Branch>
              <P Name="ZOrder">6</P>
              <P Name="Points">[0, 105]</P>
              <P Name="Dst">72#in:1</P>
            </Branch>
            <Branch>
              <P Name="ZOrder">7</P>
              <P Name="Points">[75, 0; 0, -30]</P>
              <P Name="Dst">65#in:2</P>
            </Branch>
          </Line>
          <Line>
            <P Name="ZOrder">8</P>
            <P Name="Src">62#out:1</P>
            <P Name="Dst">63#in:1</P>
          </Line>
          <Line>
            <P Name="ZOrder">9</P>
            <P Name="Src">49#out:1</P>
            <P Name="Dst">62#in:2</P>
          </Line>
          <Line>
            <P Name="ZOrder">10</P>
            <P Name="Src">53#out:1</P>
            <P Name="Points">[15, 0; 0, 50]</P>
            <P Name="Dst">69#in:1</P>
          </Line>
          <Line>
            <P Name="ZOrder">11</P>
            <P Name="Src">54#out:1</P>
            <P Name="Points">[20, 0; 0, 140]</P>
            <P Name="Dst">68#in:1</P>
          </Line>
          <Line>
            <P Name="ZOrder">12</P>
            <P Name="Src">63#out:4</P>
            <P Name="Dst">67#in:1</P>
          </Line>
          <Line>
            <P Name="ZOrder">13</P>
            <P Name="Src">52#out:10</P>
            <P Name="Dst">71#in:1</P>
          </Line>
          <Line>
            <P Name="ZOrder">14</P>
            <P Name="Src">57#out:1</P>
            <P Name="Points">[3, 0; 0, -25]</P>
            <P Name="Dst">53#in:1</P>
          </Line>
          <Line>
            <P Name="ZOrder">15</P>
            <P Name="Src">63#out:2</P>
            <P Name="Points">[29, 0; 0, -35]</P>
            <P Name="Dst">51#in:1</P>
          </Line>
          <Line>
            <P Name="ZOrder">16</P>
            <P Name="Src">52#out:7</P>
            <P Name="Dst">58#in:1</P>
          </Line>
          <Line>
            <P Name="ZOrder">17</P>
            <P Name="Src">52#out:8</P>
            <P Name="Dst">58#in:2</P>
          </Line>
          <Line>
            <P Name="ZOrder">18</P>
            <P Name="Src">52#out:9</P>
            <P Name="Dst">58#in:3</P>
          </Line>
          <Line>
            <P Name="ZOrder">19</P>
            <P Name="Src">58#out:1</P>
            <P Name="Dst">70#in:1</P>
          </Line>
          <Line>
            <P Name="ZOrder">20</P>
            <P Name="Src">52#out:6</P>
            <P Name="Dst">57#in:3</P>
          </Line>
          <Line>
            <P Name="ZOrder">21</P>
            <P Name="Src">52#out:5</P>
            <P Name="Dst">57#in:2</P>
          </Line>
          <Line>
            <P Name="ZOrder">22</P>
            <P Name="Src">52#out:4</P>
            <P Name="Dst">57#in:1</P>
          </Line>
          <Line>
            <P Name="ZOrder">23</P>
            <P Name="Src">56#out:1</P>
            <P Name="Points">[13, 0; 0, -105]</P>
            <P Name="Dst">54#in:1</P>
          </Line>
          <Line>
            <P Name="ZOrder">24</P>
            <P Name="Src">52#out:3</P>
            <P Name="Dst">56#in:3</P>
          </Line>
          <Line>
            <P Name="ZOrder">25</P>
            <P Name="Src">52#out:1</P>
            <P Name="Dst">56#in:1</P>
          </Line>
          <Line>
            <P Name="ZOrder">26</P>
            <P Name="Src">52#out:2</P>
            <P Name="Dst">56#in:2</P>
          </Line>
          <Line>
            <P Name="ZOrder">27</P>
            <P Name="Src">63#out:1</P>
            <P Name="Dst">66#in:1</P>
          </Line>
          <Line>
            <P Name="ZOrder">28</P>
            <P Name="Src">63#out:5</P>
            <P Name="Points">[15, 0]</P>
            <P Name="Dst">60#in:1</P>
          </Line>
          <Line>
            <P Name="ZOrder">29</P>
            <P Name="Src">61#out:1</P>
            <P Name="Points">[20, 0; 0, -1; 130, 0; 0, 21]</P>
            <P Name="Dst">62#in:1</P>
          </Line>
          <Line>
            <P Name="ZOrder">30</P>
            <P Name="Src">48#out:1</P>
            <P Name="Points">[25, 0]</P>
            <P Name="Dst">61#in:1</P>
          </Line>
          <Line>
            <P Name="ZOrder">31</P>
            <P Name="Src">64#out:1</P>
            <P Name="Points">[13, 0; 0, -70]</P>
            <P Name="Dst">61#in:2</P>
          </Line>
          <Line>
            <P Name="ZOrder">32</P>
            <P Name="Src">61#out:2</P>
            <P Name="Points">[35, 0; 0, 15]</P>
            <P Name="Dst">47#in:1</P>
          </Line>
          <Line>
            <P Name="ZOrder">33</P>
            <P Name="Src">61#out:3</P>
            <P Name="Points">[32, 0; 0, 105]</P>
            <P Name="Dst">59#in:1</P>
          </Line>
          <Line>
            <P Name="ZOrder">34</P>
            <P Name="Src">55#out:1</P>
            <P Name="Points">[-15, 0]</P>
            <P Name="Dst">65#in:3</P>
          </Line>
          <Annotation SID="73">
            <P Name="Name">Based on the QUARC Serial Interfacing Read Binary Demo</P>
            <P Name="Position">[320, 689, 599, 704]</P>
            <P Name="InternalMargins">[0, 0, 0, 0]</P>
            <P Name="FixedHeight">off</P>
            <P Name="FixedWidth">off</P>
            <P Name="HorizontalAlignment">left</P>
            <P Name="VerticalAlignment">top</P>
            <P Name="ZOrder">-1</P>
          </Annotation>
        </System>
      </Block>
      <Line>
        <P Name="ZOrder">2</P>
        <P Name="Src">46#out:2</P>
        <P Name="Dst">75#in:1</P>
      </Line>
      <Line>
        <P Name="ZOrder">3</P>
        <P Name="Src">75#out:1</P>
        <P Name="Dst">74#in:1</P>
      </Line>
      <Line>
        <P Name="ZOrder">4</P>
        <P Name="Src">75#out:2</P>
        <P Name="Dst">74#in:2</P>
      </Line>
      <Line>
        <P Name="ZOrder">5</P>
        <P Name="Src">75#out:3</P>
        <P Name="Dst">74#in:3</P>
      </Line>
      <Line>
        <P Name="ZOrder">9</P>
        <P Name="Src">78#out:1</P>
        <P Name="Dst">79#in:1</P>
      </Line>
      <Line>
        <P Name="ZOrder">10</P>
        <P Name="Src">78#out:2</P>
        <P Name="Dst">79#in:2</P>
      </Line>
      <Line>
        <P Name="ZOrder">11</P>
        <P Name="Src">78#out:3</P>
        <P Name="Dst">79#in:3</P>
      </Line>
      <Line>
        <P Name="ZOrder">12</P>
        <P Name="Src">46#out:1</P>
        <P Name="Dst">78#in:1</P>
      </Line>
      <Annotation SID="41">
        <P Name="Name">Nb: Euler angles are: [pitch, elevation, travle]</P>
        <P Name="Position">[330, 735, 545, 750]</P>
        <P Name="InternalMargins">[0, 0, 0, 0]</P>
        <P Name="FixedHeight">off</P>
        <P Name="FixedWidth">off</P>
        <P Name="HorizontalAlignment">left</P>
        <P Name="VerticalAlignment">top</P>
        <P Name="ZOrder">-2</P>
      </Annotation>
      <Annotation SID="44">
        <P Name="Name">&lt;!DOCTYPE HTML PUBLIC &quot;-//W3C//DTD HTML 4.0//EN&quot; &quot;http://www.w3.org/TR/REC-html40/strict.dtd&quot;&gt;
&lt;html&gt;&lt;head&gt;&lt;meta name=&quot;qrichtext&quot; content=&quot;1&quot; /&gt;&lt;style type=&quot;text/css&quot;&gt;
p, li { white-space: pre-wrap; }
&lt;/style&gt;&lt;/head&gt;&lt;body style=&quot; font-family:&apos;Helvetica&apos;; font-size:10px; font-weight:400; font-style:normal;&quot;&gt;
&lt;p style=&quot; margin-top:0px; margin-bottom:0px; margin-left:0px; margin-right:0px; -qt-block-indent:0; text-indent:0px; -qt-user-state:106;&quot;&gt;&lt;span style=&quot; font-family:&apos;Arial&apos;; font-size:10px;&quot;&gt;To use the IMU we need to set the correct port to communicate with the arduino&lt;/span&gt;&lt;/p&gt;
&lt;p style=&quot; margin-top:0px; margin-bottom:0px; margin-left:0px; margin-right:0px; -qt-block-indent:0; text-indent:0px;&quot;&gt;&lt;span style=&quot; font-family:&apos;Arial&apos;; font-size:10px;&quot;&gt;Open Device Manager (Enhetsbehandling if your computer is in norwegian) and ignore the potential warning.&lt;/span&gt;&lt;/p&gt;
&lt;p style=&quot; margin-top:0px; margin-bottom:0px; margin-left:0px; margin-right:0px; -qt-block-indent:0; text-indent:0px;&quot;&gt;&lt;span style=&quot; font-family:&apos;Arial&apos;; font-size:10px;&quot;&gt;Under port locate the &amp;quot;USB Serial Device (COMX)&amp;quot; ( &amp;quot;Seriell USB-enhet (COMX)&amp;quot;)&lt;/span&gt;&lt;/p&gt;
&lt;p style=&quot; margin-top:0px; margin-bottom:0px; margin-left:0px; margin-right:0px; -qt-block-indent:0; text-indent:0px;&quot;&gt;&lt;span style=&quot; font-family:&apos;Arial&apos;; font-size:10px;&quot;&gt;The X is the port number we need to use.&lt;/span&gt;&lt;/p&gt;
&lt;p style=&quot;-qt-paragraph-type:empty; margin-top:0px; margin-bottom:0px; margin-left:0px; margin-right:0px; -qt-block-indent:0; text-indent:0px;&quot;&gt;&lt;br /&gt;&lt;/p&gt;
&lt;p style=&quot; margin-top:0px; margin-bottom:0px; margin-left:0px; margin-right:0px; -qt-block-indent:0; text-indent:0px;&quot;&gt;&lt;span style=&quot; font-size:10px;&quot;&gt;Make a variable in matlab named &amp;quot;PORT&amp;quot; in capital letters and set it equal the port number.&lt;/span&gt;&lt;/p&gt;
&lt;p style=&quot; margin-top:0px; margin-bottom:0px; margin-left:0px; margin-right:0px; -qt-block-indent:0; text-indent:0px;&quot;&gt;&lt;span style=&quot; font-size:10px;&quot;&gt;Eg.&lt;/span&gt;&lt;/p&gt;
&lt;p style=&quot; margin-top:0px; margin-bottom:0px; margin-left:0px; margin-right:0px; -qt-block-indent:0; text-indent:0px;&quot;&gt;&lt;span style=&quot; font-size:10px;&quot;&gt;PORT = 9;&lt;/span&gt;&lt;/p&gt;
&lt;p style=&quot;-qt-paragraph-type:empty; margin-top:0px; margin-bottom:0px; margin-left:0px; margin-right:0px; -qt-block-indent:0; text-indent:0px;&quot;&gt;&lt;br /&gt;&lt;/p&gt;
&lt;p style=&quot; margin-top:0px; margin-bottom:0px; margin-left:0px; margin-right:0px; -qt-block-indent:0; text-indent:0px;&quot;&gt;&lt;span style=&quot; font-size:10px;&quot;&gt;Note that the port number may change from one day to the next or if the arduino restarts! &lt;/span&gt;&lt;/p&gt;
&lt;p style=&quot;-qt-paragraph-type:empty; margin-top:0px; margin-bottom:0px; margin-left:0px; margin-right:0px; -qt-block-indent:0; text-indent:0px;&quot;&gt;&lt;br /&gt;&lt;/p&gt;
&lt;p style=&quot;-qt-paragraph-type:empty; margin-top:0px; margin-bottom:0px; margin-left:0px; margin-right:0px; -qt-block-indent:0; text-indent:0px;&quot;&gt;&lt;br /&gt;&lt;/p&gt;
&lt;p style=&quot;-qt-paragraph-type:empty; margin-top:0px; margin-bottom:0px; margin-left:0px; margin-right:0px; -qt-block-indent:0; text-indent:0px;&quot;&gt;&lt;br /&gt;&lt;/p&gt;
&lt;p style=&quot; margin-top:0px; margin-bottom:0px; margin-left:0px; margin-right:0px; -qt-block-indent:0; text-indent:0px;&quot;&gt;&lt;span style=&quot; font-family:&apos;Arial&apos;; font-size:10px;&quot;&gt; &lt;/span&gt;&lt;/p&gt;&lt;/body&gt;&lt;/html&gt;</P>
        <P Name="Position">[485, 430, 940, 580]</P>
        <P Name="InternalMargins">[0, 0, 0, 0]</P>
        <P Name="FixedHeight">on</P>
        <P Name="FixedWidth">on</P>
        <P Name="HorizontalAlignment">left</P>
        <P Name="VerticalAlignment">top</P>
        <P Name="Interpreter">rich</P>
        <P Name="ZOrder">-1</P>
      </Annotation>
      <Annotation SID="34">
        <P Name="Name">IMU Setup guide</P>
        <P Name="Position">[550, 408, 681, 430]</P>
        <P Name="InternalMargins">[0, 0, 0, 0]</P>
        <P Name="FixedHeight">off</P>
        <P Name="FixedWidth">off</P>
        <P Name="ZOrder">-2</P>
        <P Name="FontSize">16</P>
        <P Name="FontWeight">bold</P>
      </Annotation>
    </System>
  </Model>
</ModelInformation>
